[{
  "_id": {
    "$oid": "672125c1c4d9683228c59b17"
  },
  "Full Name": "Misal Omar K",
  "Email Address": "misalomar99@gmail.com",
  "Password": "Misal123$"
},
{
  "_id": {
    "$oid": "672125c1c4d9683228c59b18"
  },
  "Full Name": "Keerthana G",
  "Email Address": "keerthana36@gmail.com",
  "Password": "Kiki@2004"
},
{
  "_id": {
    "$oid": "672125c1c4d9683228c59b19"
  },
  "Full Name": "Ashwin S",
  "Email Address": "ashwins123@gmail.com",
  "Password": "Ash333@"
},
{
  "_id": {
    "$oid": "672125c1c4d9683228c59b1a"
  },
  "Full Name": "Kevin V Samuel",
  "Email Address": "kevinvsam07@gmail.com",
  "Password": "Kev@07"
},
{
  "_id": {
    "$oid": "672125c1c4d9683228c59b1b"
  },
  "Full Name": "Meenakshi Vidya",
  "Email Address": "vmeenakshi287@gmail.com",
  "Password": "Meenu@V123"
},
{
  "_id": {
    "$oid": "672125c1c4d9683228c59b1c"
  },
  "Full Name": "Ameekha",
  "Email Address": "ameekhasherin45@gmail.com",
  "Password": "AmeS556%%"
}]